id;name;created_at;updated_at;featured;active;slug
1;eyelash oof;2024-02-02T21:58:02;2024-02-03T03:09:50;false;false;ouch book
2;connive phosphate inasmuch;2024-02-02T08:59:23;2024-02-02T13:48:19;true;false;anxious ooze
3;pace cruel;2024-02-02T14:18:09;2024-02-02T07:41:51;true;false;upside-down delirious electric
4;ugh;2024-02-02T14:30:46;2024-02-03T00:26:56;true;false;melodic negotiate judgementally
5;icky;2024-02-02T21:02:49;2024-02-02T17:11:53;true;true;when
6;famously;2024-02-03T03:11:02;2024-02-02T18:09:11;true;true;or underneath
7;queasy sheepishly;2024-02-02T10:14:05;2024-02-03T01:13:41;true;false;highly deceivingly
8;letter hm troop;2024-02-02T13:44:59;2024-02-02T07:33:12;true;false;separately that
9;than;2024-02-02T07:49:01;2024-02-02T09:42:12;false;true;rarely
10;pound unfortunate but;2024-02-02T21:55:26;2024-02-02T23:18:25;false;false;wretched circa amid
