id;content;created_at;updated_at;featured;active;slug
1;furthermore;2024-02-02T20:36:47;2024-02-02T23:48:03;true;false;remodel following
2;utterly cavernous;2024-02-02T19:14:24;2024-02-02T16:51:56;true;true;squeegee
3;for;2024-02-02T18:25:26;2024-02-03T01:27:00;false;false;amongst
4;colligate pare reorganisation;2024-02-02T10:12:06;2024-02-02T16:05:13;false;true;linkage cluttered arm
5;rural ack;2024-02-02T17:16:27;2024-02-02T22:16:36;false;false;interrogate night crouch
6;math;2024-02-02T07:08:37;2024-02-03T02:42:46;true;true;verifiable immediate
7;aid victorious abaft;2024-02-03T00:26:56;2024-02-02T05:57:01;true;true;wholly yahoo
8;consulting often sweeps;2024-02-02T11:56:49;2024-02-02T09:40:24;false;true;down promptly
9;vaguely boy furthermore;2024-02-02T12:10:05;2024-02-02T10:51:29;false;false;once because among
10;boring on platypus;2024-02-02T03:24:11;2024-02-02T05:47:51;false;true;blab yuck
